{
    "normals": [-0.577,0.577,0.577,-0.577,0.577,-0.577,-0.577,-0.577,0.577,-0.577,-0.577,-0.577,0.577,0.577,0.577,0.577,0.577,-0.577,0.577,-0.577,0.577,0.577,-0.577,-0.577],
    "metadata": {
        "version": 3,
        "generator": "io_three",
        "vertices": 8,
        "type": "Geometry",
        "normals": 8,
        "faces": 12
    },
    "name": "25Mm Pawn.001Geometry",
    "vertices": [-0.5,0.5,0.5,-0.5,0.5,-0.5,-0.5,-0.5,0.5,-0.5,-0.5,-0.5,0.5,0.5,0.5,0.5,0.5,-0.5,0.5,-0.5,0.5,0.5,-0.5,-0.5],
    "faces": [32,0,1,2,0,1,2,32,2,1,3,2,1,3,32,0,4,5,0,4,5,32,1,0,5,1,0,5,32,2,6,4,2,6,4,32,0,2,4,0,2,4,32,3,7,2,3,7,2,32,2,7,6,2,7,6,32,1,5,3,1,5,3,32,3,5,7,3,5,7,32,6,7,5,6,7,5,32,4,6,5,4,6,5]
}